Frame ID,Marker ID,Top Left,Top Right,Bottom Right,Bottom Left,Distance,Yaw,Pitch,Roll
183,17,"(454.0, 132.0)","(389.0, 466.0)","(238.0, 432.0)","(319.0, 100.0)",0.1094824676498169,-121.7526948914582,-9.950331366447685,99.62584432505754
385,17,"(696.0, 185.0)","(666.0, 549.0)","(518.0, 546.0)","(542.0, 144.0)",0.09529481815694542,103.61544542432812,3.5074311509043885,92.03670424864107
448,17,"(674.0, 192.0)","(596.0, 518.0)","(441.0, 471.0)","(540.0, 153.0)",0.11002849039382154,103.76818707934213,5.222560263166499,98.79485742739526
459,17,"(667.0, 193.0)","(583.0, 517.0)","(431.0, 479.0)","(517.0, 147.0)",0.10808263261611796,103.32573844188106,4.708079493466781,98.023788477154
475,17,"(670.0, 188.0)","(603.0, 512.0)","(442.0, 480.0)","(526.0, 146.0)",0.10785062057234704,103.84659997455095,3.6255830792077997,97.35594797275704
510,17,"(657.0, 187.0)","(592.0, 505.0)","(435.0, 465.0)","(518.0, 155.0)",0.11142512960749393,-113.25389665702257,-8.101548730395772,98.10684504539626
581,17,"(653.0, 202.0)","(639.0, 497.0)","(487.0, 474.0)","(512.0, 161.0)",0.11461048993220091,104.44269761301253,4.6612598664768035,91.81545234568553
